call_uid,sound.files,selec,start,end,call_type,call_quality,background_noise,background_noise_lower_freq,background_noise_upper_freq,background_noise_temporal_extent,date_manual_selection,observer_initials,door_open,total_calls_selected,total_contact_like_calls,total_non_contact_calls,many_non_contact_calls,notes,audio_file_name,date_manual_selection.x,observer_initials.x,start.y,end.y,selection_id,sound_files_like_raven,duration,meanfreq,sd,freq.median,freq.Q25,freq.Q75,freq.IQR,time.median,time.Q25,time.Q75,time.IQR,peakt,skew,kurt,sp.ent,time.ent,entropy,sfm,meandom,mindom,maxdom,dfrange,modindx,startdom,enddom,dfslope,meanpeakf,peak_freq_hz,is_clipped,cluster_unsup,p_contact,contact_thresh_pass
NMSU107_250327_0150__1,NMSU107_250327_0150.wav,1,0.2895,0.6605,non-contact,medium,FALSE,NA,NA,NA,2025-08-11T00:00:00Z,MLH,yes,84,40,44,yes,Little to no calls towards back half of recording,NMSU107_250327_0150,2025-08-13T00:00:00Z,MLH,0.2895,0.6605,1,NMSU107_250327_0150.wav,0.371,3.3514487496976364,2.8640057043479787,2.7361842911407916,1.4691826981987501,4.092145570395785,2.622962872197035,0.21748142935335055,0.12793025256079443,0.2942395808898272,0.16630932832903278,0.3198256314019861,3.3669116144437905,17.299580565236745,0.8667974014005795,0.887237854057057,0.7690554663208836,0.17500300323327497,2.12173828125,1.313525390625,3.165380859375,1.85185546875,6.348837209302325,3.036181640625,1.787255859375,-3.3663767688679247,1.3186019807527014,1.2991993154452661,FALSE,1,3.361349207767818e-82,FALSE
NMSU107_250327_0150__2,NMSU107_250327_0150.wav,2,1.0282,1.3423,non-contact,medium,FALSE,NA,NA,NA,2025-08-11T00:00:00Z,MLH,yes,84,40,44,yes,Little to no calls towards back half of recording,NMSU107_250327_0150,2025-08-13T00:00:00Z,MLH,1.0282,1.3423,2,NMSU107_250327_0150.wav,0.31410000000000005,3.3572105865156017,2.8804043959331493,2.7161673179910264,1.5284411636995223,4.209581705022435,2.681140541322913,0.16332244897959183,0.11306938775510204,0.23870204081632654,0.1256326530612245,0.11306938775510204,3.6160269610740565,21.858341393336044,0.8652291047133654,0.8969818122503136,0.7760947703575108,0.18058445405513335,1.51270751953125,0.021533203125,1.787255859375,1.7657226562500001,2.6097560975609753,1.614990234375,1.571923828125,-0.13711049426934066,1.5347801103573182,1.6842755035737491,FALSE,1,2.4980812012715766e-43,FALSE
NMSU107_250327_0150__3,NMSU107_250327_0150.wav,3,1.8542,2.2073,non-contact,medium,FALSE,NA,NA,NA,2025-08-11T00:00:00Z,MLH,yes,84,40,44,yes,Little to no calls towards back half of recording,NMSU107_250327_0150,2025-08-13T00:00:00Z,MLH,1.8542,2.2073,3,NMSU107_250327_0150.wav,0.35309999999999997,3.55418502673196,2.735920981048481,2.93692070030896,1.7106076210092687,4.6985066941297635,2.987899073120495,0.21438613540654355,0.11349854227405247,0.29005183025591186,0.17655328798185937,0.29005183025591186,3.3950305648720427,18.437363637215487,0.8684496282082323,0.8883098220845214,0.7714523347230235,0.16662935971343026,1.7760904947916667,1.614990234375,1.959521484375,0.34453124999999996,6.250000000000002,1.787255859375,1.787255859375,0,1.7077226140410118,1.7133637297713844,FALSE,1,1.9665746827061792e-63,FALSE
NMSU107_250327_0150__4,NMSU107_250327_0150.wav,4,2.6901,3.3238,non-contact,medium,FALSE,NA,NA,NA,2025-08-11T00:00:00Z,MLH,yes,84,40,44,yes,Little to no calls towards back half of recording,NMSU107_250327_0150,2025-08-13T00:00:00Z,MLH,2.6901,3.3238,4,NMSU107_250327_0150.wav,0.6336999999999997,3.654580878853052,2.649391983423619,3.070941826267843,1.9173660426081343,4.607990818449179,2.6906247758410444,0.4021677132391418,0.24373800802372228,0.5362236176521891,0.2924856096284668,0.633718820861678,3.4713883120762246,18.63303033670704,0.8751012623377233,0.8546111289046504,0.7478712777123264,0.1692885345290869,2.3576825987617926,1.658056640625,3.596044921875,1.93798828125,14.022222222222222,2.863916015625,3.423779296875,0.8834831643522171,1.7941938658828585,1.8415107167137796,FALSE,1,6.17073084868549e-264,FALSE
NMSU107_250327_0150__5,NMSU107_250327_0150.wav,5,3.7866,4.0459,non-contact,medium,FALSE,NA,NA,NA,2025-08-11T00:00:00Z,MLH,yes,84,40,44,yes,Little to no calls towards back half of recording,NMSU107_250327_0150,2025-08-11T00:00:00Z,MLH,3.7866,4.0459,5,NMSU107_250327_0150.wav,0.25929999999999964,4.2719686465624775,2.6961529222939027,3.849228611500701,2.402875175315568,5.349579242636747,2.946704067321178,0.11668367346938777,0.06482426303854875,0.1815079365079365,0.11668367346938775,0.09075396825396825,2.810860627144353,12.405374013171878,0.8786671425888429,0.922781099091817,0.8108174315739988,0.17264869872180025,2.759326171875,0.236865234375,4.629638671875,4.3927734375,4.411764705882353,1.959521484375,2.820849609375,3.321743636714236,1.837429491803782,4.203672933974639,FALSE,1,2.1669254497247e-15,FALSE
NMSU107_250327_0150__6,NMSU107_250327_0150.wav,6,4.1264,4.3611,non-contact,medium,FALSE,NA,NA,NA,2025-08-11T00:00:00Z,MLH,yes,84,40,44,yes,Little to no calls towards back half of recording,NMSU107_250327_0150,2025-08-11T00:00:00Z,MLH,4.1264,4.3611,6,NMSU107_250327_0150.wav,0.23470000000000013,4.3874702521207025,2.9254899820228433,3.975595583962812,2.6163083478597713,5.219833430176253,2.603525082316482,0.1303980851599899,0.07823885109599395,0.18255731922398588,0.10431846812799193,0.22167674477198285,5.554567646153621,48.36960485187459,0.8602293385063617,0.9338426503711234,0.8033188453977791,0.2227296616251297,2.854849403782895,0.107666015625,4.457373046875,4.34970703125,2.960396039603961,0.193798828125,3.854443359375,15.59712199083936,0.10800445496684676,0.11503236402279973,FALSE,1,4.263173019190137e-26,FALSE
NMSU107_250327_0150__7,NMSU107_250327_0150.wav,7,5.8715,6.247,non-contact,medium,FALSE,NA,NA,NA,2025-08-11T00:00:00Z,MLH,yes,84,40,44,yes,Little to no calls towards back half of recording,NMSU107_250327_0150,2025-08-13T00:00:00Z,MLH,5.8715,6.247,7,NMSU107_250327_0150.wav,0.3754999999999997,4.473614105800612,2.9783682293316978,3.8162450066577898,2.2237017310253,5.685752330226365,3.4620505992010653,0.23782312925170068,0.15020408163265306,0.3129251700680272,0.16272108843537417,0.36299319727891155,4.330306205372524,32.213732986401126,0.8810686289807176,0.884955653512832,0.7797066643492858,0.20482330229497844,2.572175844254032,1.830322265625,4.629638671875,2.79931640625,7.184615384615385,1.959521484375,2.260986328125,0.8028358022636491,2.096843247329322,2.0825,FALSE,1,2.0590717457851173e-91,FALSE
NMSU107_250327_0150__8,NMSU107_250327_0150.wav,8,6.3729,6.697,non-contact,medium,FALSE,NA,NA,NA,2025-08-11T00:00:00Z,MLH,yes,84,40,44,yes,Little to no calls towards back half of recording,NMSU107_250327_0150,2025-08-11T00:00:00Z,MLH,6.3729,6.697,8,NMSU107_250327_0150.wav,0.3241000000000005,4.936030809475336,2.9244521833336394,4.2679197643428255,2.9718053022864357,6.196661523355309,3.224856221068874,0.18149841269841271,0.10371337868480726,0.25928344671201814,0.15557006802721088,0.23335510204081633,3.6428460857455476,21.886974071927433,0.8822218835922523,0.9019883325235004,0.7957538456971174,0.21093672876964423,3.7666541466346155,2.260986328125,4.457373046875,2.1963867187500004,6.431372549019608,2.820849609375,4.457373046875,5.049439794816408,4.301860169296415,4.396732666340166,FALSE,1,3.3168832229327156e-27,FALSE
NMSU107_250327_0150__9,NMSU107_250327_0150.wav,9,6.8311,7.1418,non-contact,medium,FALSE,NA,NA,NA,2025-08-11T00:00:00Z,MLH,yes,84,40,44,yes,Little to no calls towards back half of recording,NMSU107_250327_0150,2025-08-11T00:00:00Z,MLH,6.8311,7.1418,9,NMSU107_250327_0150.wav,0.31069999999999975,4.950474435768138,3.0185220355037634,4.127011998829382,2.958443078724027,6.093942054433714,3.135498975709687,0.15534013605442176,0.0647250566893424,0.23301020408163264,0.16828514739229022,0.15534013605442176,3.803897637401042,23.596144214262004,0.8801910337668891,0.9068854648425482,0.7982324548079283,0.2107158512989763,4.081833984375,3.639111328125,4.328173828125,0.6890625000000004,8.812499999999996,4.069775390625,3.854443359375,-0.6930544938847769,4.085682039691798,3.939741624698927,FALSE,1,1.1790768283265986e-22,FALSE
NMSU107_250327_0150__10,NMSU107_250327_0150.wav,10,7.2916,7.5844,non-contact,medium,FALSE,NA,NA,NA,2025-08-11T00:00:00Z,MLH,yes,84,40,44,yes,Little to no calls towards back half of recording,NMSU107_250327_0150,2025-08-11T00:00:00Z,MLH,7.2916,7.5844,10,NMSU107_250327_0150.wav,0.2927999999999997,4.795420454746092,3.031435528490625,4.0577550069864925,2.715416860735911,6.025151374010247,3.3097345132743365,0.14002957704821056,0.06364980774918662,0.21640934634723452,0.15275953859804792,0.12729961549837324,3.812765930847868,24.1108114584448,0.8811398514635638,0.911579389599613,0.8032289279490492,0.21285979155902804,3.667822265625,2.217919921875,4.155908203125,1.9379882812499996,8.555555555555557,3.811376953125,4.112841796875,1.0295930455942641,3.8262682841662574,3.620353159851301,FALSE,1,7.410540931845365e-23,FALSE
NMSU107_250327_0150__11,NMSU107_250327_0150.wav,11,8.378814017,8.9729,non-contact,medium,FALSE,NA,NA,NA,2025-08-11T00:00:00Z,MLH,yes,84,40,44,yes,Little to no calls towards back half of recording,NMSU107_250327_0150,2025-08-13T00:00:00Z,MLH,8.7293,8.9729,11,NMSU107_250327_0150.wav,0.5940859829999994,3.9683599520784902,3.043102985984148,3.279210345091438,1.8466600351977964,5.216772515112098,3.3701124799143014,0.44859225322782176,0.3273511037067888,0.5213369429404415,0.1939858392336527,0.545585172844648,3.093521404221982,15.517607863686381,0.8901513029524545,0.855435873541464,0.7614673574252052,0.19321279804154973,2.412615966796875,0.021533203125,5.878564453125,5.8570312499999995,7.154411764705883,2.045654296875,2.174853515625,0.21747562212724403,2.0103719954874757,1.831398144967365,FALSE,1,1.4012932113850903e-260,FALSE
NMSU107_250327_0150__16,NMSU107_250327_0150.wav,16,16.1838,16.494,non-contact,high,FALSE,NA,NA,NA,2025-08-11T00:00:00Z,MLH,yes,84,40,44,yes,Little to no calls towards back half of recording,NMSU107_250327_0150,2025-08-11T00:00:00Z,MLH,16.1838,16.494,16,NMSU107_250327_0150.wav,0.31019999999999825,4.176245281290807,2.899125294620757,3.353363623039719,2.3086618789388833,5.075186867946651,2.7665249890077677,0.18093915343915343,0.11631802721088434,0.2455602796674225,0.12924225245653814,0.25848450491307634,4.322425977577375,28.068320409009072,0.8665754858893495,0.9031600678403617,0.7826563746246193,0.16865643182979417,2.295439453125,1.830322265625,2.562451171875,0.7321289062499998,3.7058823529411775,1.830322265625,2.562451171875,2.3601834501934364,2.313021376933939,2.3534615103443235,FALSE,1,1.1827513771105301e-34,FALSE
NMSU107_250327_0150__19,NMSU107_250327_0150.wav,19,21.7897,22.2021,non-contact,medium,FALSE,NA,NA,NA,2025-08-11T00:00:00Z,MLH,yes,84,40,44,yes,Little to no calls towards back half of recording,NMSU107_250327_0150,2025-08-13T00:00:00Z,MLH,21.7897,22.2021,19,NMSU107_250327_0150.wav,0.41240000000000165,3.946023207775516,2.9849381451473467,3.203483245149912,1.748456790123457,5.643077601410934,3.8946208112874774,0.24994159279873562,0.1499649556792414,0.3374211502782931,0.18745619459905172,0.3624153095581667,2.8953576222480013,14.373827231075055,0.8874284354652006,0.8775409844797328,0.7787548229134411,0.18215968845467692,2.5105181525735296,1.528857421875,6.180029296875,4.651171875,5.99074074074074,2.777783203125,2.217919921875,-1.3575734268913615,3.22096952127333,3.22499587617529,FALSE,1,8.576111649324915e-107,FALSE
NMSU107_250327_0150__23,NMSU107_250327_0150.wav,23,26.0578,26.3898,non-contact,medium,FALSE,NA,NA,NA,2025-08-11T00:00:00Z,MLH,yes,84,40,44,yes,Little to no calls towards back half of recording,NMSU107_250327_0150,2025-08-13T00:00:00Z,MLH,26.0578,26.3898,23,NMSU107_250327_0150.wav,0.33200000000000074,3.918002816421545,2.86701781636764,3.280569628919622,1.8074763795700397,5.61522661919759,3.8077502396275498,0.19153584510727367,0.1021524507238793,0.26815018315018313,0.16599773242630383,0.15322867608581894,3.858666886235595,24.881200235033322,0.87446354070875,0.8966381315926074,0.7840773552869496,0.16872014295196797,2.067985026041667,1.614990234375,3.423779296875,1.8087890624999998,5.214285714285714,1.701123046875,3.380712890625,5.059005553463844,1.7077226140410118,1.825326138924937,FALSE,1,1.9538859998665647e-50,FALSE
NMSU107_250327_0150__25,NMSU107_250327_0150.wav,25,29.7628,30.2233,non-contact,medium,FALSE,NA,NA,NA,2025-08-11T00:00:00Z,MLH,yes,84,40,44,yes,Little to no calls towards back half of recording,NMSU107_250327_0150,2025-08-13T00:00:00Z,MLH,29.7628,30.2233,25,NMSU107_250327_0150.wav,0.4604999999999997,4.027552024387698,2.729357592765679,3.2489634748272462,2.0371174728529122,6.07877591312932,4.041658440276407,0.26137709137709136,0.16180486609058037,0.36094931666360236,0.199144450573022,0.41073542930685786,3.190630445324471,16.58269713841598,0.8794580302153651,0.8699471357084874,0.7650819943616851,0.15024075756296498,2.4003854851973685,1.701123046875,3.466845703125,1.7657226562500001,8.78048780487805,2.476318359375,2.304052734375,-0.3740838762214988,1.8806651177247053,2.4103106996897927,FALSE,1,2.108076591852947e-118,FALSE
NMSU107_250327_0150__28,NMSU107_250327_0150.wav,28,33.6131,33.926,non-contact,medium,FALSE,NA,NA,NA,2025-08-11T00:00:00Z,MLH,yes,84,40,44,yes,Little to no calls towards back half of recording,NMSU107_250327_0150,2025-08-13T00:00:00Z,MLH,33.6131,33.926,28,NMSU107_250327_0150.wav,0.31289999999999907,3.8064196070837064,3.157843419635958,2.953363359000436,1.521429609182043,5.599883771611217,4.078454162429174,0.182526455026455,0.0912632275132275,0.24771447467876037,0.15645124716553288,0.20860166288737717,3.0874646635877983,15.40921478216989,0.8831105651899106,0.9021533452244146,0.7967011505891013,0.2232826537898333,1.816541015625,1.270458984375,3.036181640625,1.7657226562500001,10.634146341463413,1.270458984375,1.528857421875,0.8258179530201364,1.275366354831778,0.038350605116312775,FALSE,1,4.4407905812507207e-69,FALSE
NMSU107_250327_0150__32,NMSU107_250327_0150.wav,32,51.6196,51.8689,non-contact,medium,FALSE,NA,NA,NA,2025-08-11T00:00:00Z,MLH,yes,84,40,44,yes,Little to no calls towards back half of recording,NMSU107_250327_0150,2025-08-13T00:00:00Z,MLH,51.6196,51.8689,32,NMSU107_250327_0150.wav,0.24929999999999808,3.6271482430736532,2.8386023502596966,3.0408460977388767,1.6648431801604668,5.110867979576951,3.4460247994164845,0.13120897481799737,0.06560448740899869,0.19681346222699606,0.13120897481799737,0.17057166726339656,3.0433699497679694,14.150860630685226,0.8648753987413194,0.923945371518097,0.7990976216069106,0.16954554199881408,2.7928564453125,1.313525390625,3.337646484375,2.02412109375,4.404255319148937,3.208447265625,2.820849609375,-1.554743907942249,3.2642051471942537,3.0886847371293435,FALSE,1,1.9987435027748675e-20,FALSE
NMSU107_250327_0150__33,NMSU107_250327_0150.wav,33,52.2813,52.8211,non-contact,medium,FALSE,NA,NA,NA,2025-08-11T00:00:00Z,MLH,yes,84,40,44,yes,Little to no calls towards back half of recording,NMSU107_250327_0150,2025-08-13T00:00:00Z,MLH,52.2813,52.8211,33,NMSU107_250327_0150.wav,0.5397999999999996,3.9739488655657427,2.7549050394246972,3.2640619737285284,2.0636577972381276,5.746379252273493,3.6827214550353657,0.36805813234384666,0.20856627499484642,0.4662069676355391,0.25764069264069267,0.4662069676355391,3.624265059459839,21.591255338696865,0.8772664623749807,0.8608225218244959,0.7551707284536852,0.15426066432506005,3.227587890625,2.648583984375,3.466845703125,0.8182617187500001,8.894736842105262,2.691650390625,3.079248046875,0.7180393780103749,3.3506763990361,3.39929009493405,FALSE,1,6.653546714347404e-161,FALSE
NMSU107_250327_0150__34,NMSU107_250327_0150.wav,34,53.1608,53.6023,non-contact,medium,FALSE,NA,NA,NA,2025-08-11T00:00:00Z,MLH,yes,84,40,44,yes,Little to no calls towards back half of recording,NMSU107_250327_0150,2025-08-13T00:00:00Z,MLH,53.1608,53.6023,34,NMSU107_250327_0150.wav,0.4414999999999978,3.7680541509607215,3.111950315434479,3.110172981878089,1.6604200988467877,4.9200988467874796,3.259678747940692,0.2207482993197279,0.12263794406651549,0.3311224489795918,0.20848450491307632,0.17169312169312168,4.306227575129704,27.54404190109932,0.8723111180421829,0.8728199496159428,0.7613705460990048,0.2100268244006192,2.366259765625,1.571923828125,5.361767578125,3.7898437499999997,5.8977272727272725,3.165380859375,1.744189453125,-3.2190065826727228,1.6644869881200883,1.6240215716486903,FALSE,1,1.5340266063404942e-112,FALSE
NMSU107_250327_0150__35,NMSU107_250327_0150.wav,35,53.9661,54.1225,non-contact,medium,FALSE,NA,NA,NA,2025-08-11T00:00:00Z,MLH,yes,84,40,44,yes,Little to no calls towards back half of recording,NMSU107_250327_0150,2025-08-13T00:00:00Z,MLH,53.9661,54.1225,35,NMSU107_250327_0150.wav,0.15640000000000498,3.874797458723466,3.512519333746976,3.076162790697674,1.6180232558139536,5.282558139534884,3.6645348837209304,0.08530612244897959,0.042653061224489794,0.1279591836734694,0.0853061224489796,0.1279591836734694,3.3762689881129613,17.81469911187947,0.8684431355427704,0.9490077214723712,0.8241592412897663,0.2532871828278933,3.1187255859375,2.002587890625,3.337646484375,1.33505859375,2.258064516129033,3.337646484375,3.251513671875,-0.5507213075447384,3.177733895352407,3.184254023488473,FALSE,1,9.849962422507533e-7,FALSE
NMSU107_250327_0150__36,NMSU107_250327_0150.wav,36,69.2521,69.5116,contact-like,high,FALSE,NA,NA,NA,2025-08-11T00:00:00Z,MLH,yes,84,40,44,yes,Little to no calls towards back half of recording,NMSU107_250327_0150,2025-08-11T00:00:00Z,MLH,69.2521,69.5116,36,NMSU107_250327_0150.wav,0.25950000000000273,5.420278910201289,2.827198125715546,4.578034682080925,3.4527938342967244,6.728323699421965,3.2755298651252405,0.12975056689342404,0.06487528344671202,0.19462585034013608,0.12975056689342407,0.09082539682539684,3.950132877389579,23.426819597637405,0.8747301982509923,0.9228273410650372,0.807224943001256,0.18224660821779584,3.903662109375,2.777783203125,4.629638671875,1.8518554687500002,2.860465116279069,3.596044921875,3.466845703125,-0.4978775289017278,4.388331421138261,4.628110800419434,FALSE,1,1.1009815879362804e-4,FALSE
NMSU107_250327_0150__37,NMSU107_250327_0150.wav,37,75.4212,75.8073,non-contact,high,FALSE,NA,NA,NA,2025-08-11T00:00:00Z,MLH,yes,84,40,44,yes,Little to no calls towards back half of recording,NMSU107_250327_0150,2025-08-11T00:00:00Z,MLH,75.4212,75.8073,37,NMSU107_250327_0150.wav,0.386099999999999,5.110972263410978,2.8989961005841898,4.271517720475686,2.8001883904391853,6.644295302013423,3.8441069115742375,0.23664179650354764,0.17436763952892984,0.311370784873089,0.13700314534415917,0.28646112208324187,3.1187002209389387,15.77796776885504,0.8898729177310042,0.8793817805917921,0.7825380308947038,0.1833011000299873,3.317548828125,0.021533203125,5.318701171875,5.29716796875,5.536585365853659,5.318701171875,0.021533203125,-13.719678758741296,2.529199506538556,2.5563340576731077,FALSE,1,5.296611932510685e-102,FALSE
NMSU107_250327_0150__38,NMSU107_250327_0150.wav,38,76.1596,76.7272,non-contact,high,FALSE,NA,NA,NA,2025-08-11T00:00:00Z,MLH,yes,84,40,44,yes,Little to no calls towards back half of recording,NMSU107_250327_0150,2025-08-11T00:00:00Z,MLH,76.1596,76.7272,38,NMSU107_250327_0150.wav,0.5675999999999988,5.065310052722413,2.8417787933505485,4.371105950188196,2.9722110995435256,6.458877232321615,3.486666132778089,0.3701863354037267,0.24679089026915113,0.46890269151138714,0.222111801242236,0.44422360248447207,3.0156949631756005,16.044147844364176,0.8968484877723866,0.8573978123370726,0.768955931413856,0.1899401106918244,3.7488281249999997,0.021533203125,6.180029296875,6.15849609375,6.797202797202797,2.045654296875,4.543505859375,4.400725092494724,2.615670758380403,2.632046979865772,FALSE,1,5.956400813529428e-177,FALSE
NMSU107_250327_0150__39,NMSU107_250327_0150.wav,39,76.8643,77.2588,non-contact,high,FALSE,NA,NA,NA,2025-08-11T00:00:00Z,MLH,yes,84,40,44,yes,Little to no calls towards back half of recording,NMSU107_250327_0150,2025-08-11T00:00:00Z,MLH,76.8643,77.2588,39,NMSU107_250327_0150.wav,0.39449999999999363,5.226275191869385,2.936462776664561,4.418760082968426,3.070062226319428,6.672505185526619,3.602442959207191,0.2036076366030283,0.10180381830151415,0.29268597761685317,0.19088215931533903,0.2036076366030283,3.088750632480068,15.62008646756026,0.8932227049894966,0.8836509580301205,0.7892970989982244,0.2313125632523651,3.5354827880859374,2.433251953125,4.457373046875,2.0241210937500003,14.255319148936168,2.950048828125,3.294580078125,0.8733365019011552,2.745377636143173,2.727573719606829,FALSE,1,3.6559343151590154e-66,FALSE
NMSU107_250327_0150__40,NMSU107_250327_0150.wav,40,77.579,78.1445,non-contact,high,FALSE,NA,NA,NA,2025-08-11T00:00:00Z,MLH,yes,84,40,44,yes,Little to no calls towards back half of recording,NMSU107_250327_0150,2025-08-11T00:00:00Z,MLH,77.579,78.1445,40,NMSU107_250327_0150.wav,0.5655000000000001,4.965069974268721,3.032286731161108,4.154180064308682,2.677491961414791,6.596463022508039,3.9189710610932478,0.36879621413782904,0.23357093562062506,0.4548486641033225,0.22127772848269742,0.4548486641033225,3.1024634815959478,15.890333489250434,0.8990674380805079,0.8587998623611091,0.7721189920768952,0.20766021536000034,3.7224952210771276,2.002587890625,6.007763671875,4.005175781249999,10.043010752688174,4.888037109375,4.112841796875,-1.3708139920424403,2.2265501250920927,2.714471890287914,FALSE,1,1.1380290017281373e-193,FALSE
NMSU107_250327_0150__41,NMSU107_250327_0150.wav,41,81.0772,81.3387,contact-like,high,FALSE,NA,NA,NA,2025-08-11T00:00:00Z,MLH,yes,84,40,44,yes,Little to no calls towards back half of recording,NMSU107_250327_0150,2025-08-12T00:00:00Z,MLH,81.0772,81.3387,41,NMSU107_250327_0150.wav,0.26149999999999807,5.319759097494606,2.853762095462841,4.45201668984701,3.243393602225313,6.670375521557719,3.426981919332406,0.14382312925170068,0.07844897959183675,0.19612244897959186,0.11767346938775511,0.1568979591836735,3.8156094160887295,23.80936412141075,0.8749563565060515,0.9230217390404855,0.8076037377667427,0.18264014215871727,3.838037109375,2.906982421875,5.103369140625,2.1963867187500004,4.215686274509804,5.103369140625,3.682177734375,-5.434766371892966,4.301860169296415,4.286862643080125,FALSE,1,2.1113390121020898e-12,FALSE
NMSU107_250327_0150__42,NMSU107_250327_0150.wav,42,85.2046,85.3611,contact-like,high,FALSE,NA,NA,NA,2025-08-11T00:00:00Z,MLH,yes,84,40,44,yes,Little to no calls towards back half of recording,NMSU107_250327_0150,2025-08-12T00:00:00Z,MLH,85.2046,85.3611,42,NMSU107_250327_0150.wav,0.1564999999999941,5.798209221069259,3.1154065819344465,4.722044728434505,3.7507987220447285,7.4504792332268375,3.6996805111821085,0.07113997113997114,0.042683982683982685,0.11382395382395383,0.07113997113997114,0.056911976911976914,3.4145824330609593,19.240211720973576,0.8856487897804782,0.953739466828926,0.8446782045629169,0.23581246692921579,3.9872314453125,2.820849609375,5.060302734375,2.239453125,4.0576923076923075,4.457373046875,4.069775390625,-2.476662340255688,4.4748026729801085,4.466227180527383,FALSE,2,0.99951371159681,TRUE
NMSU107_250327_0150__43,NMSU107_250327_0150.wav,43,92.3206,92.8224,non-contact,high,FALSE,NA,NA,NA,2025-08-11T00:00:00Z,MLH,yes,84,40,44,yes,Little to no calls towards back half of recording,NMSU107_250327_0150,2025-08-12T00:00:00Z,MLH,92.3206,92.8224,43,NMSU107_250327_0150.wav,0.5018000000000029,3.962648747688762,2.6375021313735827,3.4039315155358274,2.1264607301385996,4.982335356463447,2.8558746263248476,0.3794203860405951,0.28150544770753827,0.44061722249875557,0.1591117747912173,0.4283778552071235,3.3542329472903507,17.417440544931484,0.876327094588838,0.860280912247348,0.7538874723599536,0.1532823675982138,2.3065860523897057,0.021533203125,3.725244140625,3.7037109375,6.63953488372093,0.021533203125,2.217919921875,4.377016179254658,2.2265501250920927,2.1023723452327157,FALSE,1,1.7754494644884396e-152,FALSE
NMSU107_250327_0150__44,NMSU107_250327_0150.wav,44,104.0222,104.1787,contact-like,high,FALSE,NA,NA,NA,2025-08-11T00:00:00Z,MLH,yes,84,40,44,yes,Little to no calls towards back half of recording,NMSU107_250327_0150,2025-08-12T00:00:00Z,MLH,104.0222,104.1787,44,NMSU107_250327_0150.wav,0.1565000000000083,6.102145724304525,3.216526614296337,5.067092651757189,4.012779552715656,7.69968051118211,3.6869009584664543,0.07113997113997114,0.042683982683982685,0.11382395382395383,0.07113997113997114,0.056911976911976914,4.043233091242308,30.9686395213729,0.8901878696195283,0.9488837827515441,0.8446848330841163,0.2418141764248873,4.155908203125,2.863916015625,5.534033203125,2.6701171875000003,3.5483870967741926,2.993115234375,4.801904296875,11.557757587858811,4.777452054426572,4.753752535496957,FALSE,2,0.9997991555244542,TRUE
NMSU107_250327_0150__45,NMSU107_250327_0150.wav,45,106.8375,107.1248,non-contact,high,FALSE,NA,NA,NA,2025-08-11T00:00:00Z,MLH,yes,84,40,44,yes,Little to no calls towards back half of recording,NMSU107_250327_0150,2025-08-12T00:00:00Z,MLH,106.8375,107.1248,45,NMSU107_250327_0150.wav,0.2872999999999877,4.914932353767034,2.6537606282485746,4.271202531645569,3.070253164556962,6.37373417721519,3.3034810126582275,0.1567099567099567,0.10447330447330447,0.22200577200577198,0.11753246753246752,0.1305916305916306,4.830238199208358,38.73771020224822,0.8649857690950414,0.9115414618875207,0.7884703924727955,0.1717896291931152,3.337646484375,2.476318359375,4.500439453125,2.02412109375,8.553191489361701,3.208447265625,3.122314453125,-0.2998009484859155,3.09126264351056,3.1047513812154697,FALSE,1,1.1387110156328823e-30,FALSE
NMSU107_250327_0150__46,NMSU107_250327_0150.wav,46,115.5936,115.7601,contact-like,high,FALSE,NA,NA,NA,2025-08-11T00:00:00Z,MLH,yes,84,40,44,yes,Little to no calls towards back half of recording,NMSU107_250327_0150,2025-08-12T00:00:00Z,MLH,115.5936,115.7601,46,NMSU107_250327_0150.wav,0.1664999999999992,6.096940590019746,3.3624584988651414,4.818132168214091,3.910977607864555,7.7799016930639,3.868924085199345,0.08324263038548753,0.041621315192743764,0.12486394557823129,0.08324263038548751,0.027747543461829175,4.030335271811967,27.937140220628706,0.8913413234799789,0.9559926155342781,0.85211572316741,0.27716444104639076,4.2354154146634615,2.734716796875,5.964697265625,3.2299804687500004,3.293333333333332,4.715771484375,5.964697265625,7.501055743243282,4.561273924821955,4.462857532007627,FALSE,2,0.999799543143564,TRUE
NMSU107_250327_0150__47,NMSU107_250327_0150.wav,47,158.3789,158.5387,contact-like,high,FALSE,NA,NA,NA,2025-08-11T00:00:00Z,MLH,yes,84,40,44,yes,Little to no calls towards back half of recording,NMSU107_250327_0150,2025-08-12T00:00:00Z,MLH,158.3789,158.5387,47,NMSU107_250327_0150.wav,0.15980000000001837,5.818810048931552,2.885392836232693,4.999431171786121,4.023321956769056,7.408418657565416,3.3850967007963595,0.07264481550195837,0.04358688930117502,0.11623170480313338,0.07264481550195837,0.029057926200783346,3.871507788480061,26.360651884746154,0.8777524543587332,0.9519891423902865,0.8356108062559395,0.203943495172664,4.5040283203125,3.122314453125,6.007763671875,2.88544921875,3.7761194029850746,4.931103515625,6.007763671875,6.73754791145104,4.561273924821955,4.5363933030647,FALSE,2,0.9996845493380034,TRUE
NMSU107_250327_0150__48,NMSU107_250327_0150.wav,48,164.3761,164.5471,contact-like,high,FALSE,NA,NA,NA,2025-08-11T00:00:00Z,MLH,yes,84,40,44,yes,Little to no calls towards back half of recording,NMSU107_250327_0150,2025-08-12T00:00:00Z,MLH,164.3761,164.5471,48,NMSU107_250327_0150.wav,0.17099999999999227,5.897716786172767,3.1874031502192257,4.884339271470354,3.767083222547195,7.575113001861207,3.8080297793140128,0.08549886621315193,0.04274943310657597,0.1282482993197279,0.08549886621315192,0.028499622071050643,3.2382774727479804,18.19597573547514,0.8896810852826035,0.9544529142495048,0.8491587046006431,0.25224720994712563,4.076400991586539,2.648583984375,5.060302734375,2.41171875,3.9107142857142865,3.036181640625,4.112841796875,6.296258223684495,4.6909808025847255,4.690120673650709,FALSE,2,0.9991692832060427,TRUE
NMSU107_250327_0150__49,NMSU107_250327_0150.wav,49,181.0054,181.1719,contact-like,high,FALSE,NA,NA,NA,2025-08-11T00:00:00Z,MLH,yes,84,40,44,yes,Little to no calls towards back half of recording,NMSU107_250327_0150,2025-08-12T00:00:00Z,MLH,181.0054,181.1719,49,NMSU107_250327_0150.wav,0.166499999999985,5.0236226415355585,2.3988915838302054,4.5117422173675585,3.5324959038776624,5.941561987984708,2.409066084107046,0.09712962962962964,0.055502645502645505,0.12488095238095238,0.06937830687830687,0.11100529100529101,3.3335623550375795,16.616278465620695,0.8555510727183426,0.952865720166212,0.8152252890447387,0.14013121322982647,3.9339505709134617,2.648583984375,5.146435546875,2.4978515624999997,4.103448275862069,2.993115234375,4.026708984375,6.207770270270833,4.301860169296415,4.804575786463299,FALSE,2,0.9984208534571609,TRUE
NMSU107_250327_0150__50,NMSU107_250327_0150.wav,50,191.6218,191.7917,contact-like,high,FALSE,NA,NA,NA,2025-08-11T00:00:00Z,MLH,yes,84,40,44,yes,Little to no calls towards back half of recording,NMSU107_250327_0150,2025-08-12T00:00:00Z,MLH,191.6218,191.7917,50,NMSU107_250327_0150.wav,0.16989999999998417,4.501133821356887,2.3174469144263545,4.132726786192133,3.025956649719026,4.998126839710998,1.9721701899919721,0.07079554043839757,0.042477324263038546,0.11327286470143612,0.07079554043839757,0.07079554043839757,3.7447520582825744,19.54473751446367,0.8359858747775419,0.9535765181140599,0.7971764996629049,0.10847040565001324,3.122314453125,2.433251953125,4.801904296875,2.3686523437499996,4.327272727272728,2.950048828125,2.605517578125,-2.027847263096126,2.399492628775786,2.3895102095288934,FALSE,2,0.7974964354597949,FALSE
NMSU107_250327_0150__51,NMSU107_250327_0150.wav,51,196.6668,196.8322,contact-like,high,FALSE,NA,NA,NA,2025-08-11T00:00:00Z,MLH,yes,84,40,44,yes,Little to no calls towards back half of recording,NMSU107_250327_0150,2025-08-12T00:00:00Z,MLH,196.6668,196.8322,51,NMSU107_250327_0150.wav,0.16540000000000532,5.225165972760784,2.59631172655671,4.656404617921935,3.5920835623969216,6.017042330951072,2.4249587685541503,0.0826984126984127,0.04134920634920635,0.12404761904761906,0.08269841269841272,0.02756613756613757,4.275641411173891,30.402628070626964,0.8599465746351634,0.9567978801063016,0.8227950596155998,0.15751701158147377,3.9306377704326922,2.648583984375,4.715771484375,2.0671874999999997,5.041666666666668,2.777783203125,4.155908203125,8.332073760580142,4.6909808025847255,4.667562380038388,FALSE,2,0.9987370324093426,TRUE
NMSU107_250327_0150__52,NMSU107_250327_0150.wav,52,210.9424,211.1122,contact-like,high,FALSE,NA,NA,NA,2025-08-11T00:00:00Z,MLH,yes,84,40,44,yes,Little to no calls towards back half of recording,NMSU107_250327_0150,2025-08-12T00:00:00Z,MLH,210.9424,211.1122,52,NMSU107_250327_0150.wav,0.16980000000000928,5.38008765182492,2.7359016475189835,4.723962516733602,3.6401606425702813,6.5322623828647925,2.8921017402945117,0.08489795918367347,0.04244897959183674,0.1273469387755102,0.08489795918367346,0.028299319727891157,3.5767694751060772,19.865324124226724,0.8701317339825511,0.9553918789715207,0.8313167922823368,0.17565847058003994,4.497126652644231,3.079248046875,5.146435546875,2.0671874999999997,4.166666666666667,4.801904296875,5.146435546875,2.0290415194345193,4.820687680347495,4.8234375,FALSE,2,0.9995125606888449,TRUE
NMSU107_250327_0150__53,NMSU107_250327_0150.wav,53,212.9496,213.3933,non-contact,high,FALSE,NA,NA,NA,2025-08-11T00:00:00Z,MLH,yes,84,40,44,yes,Little to no calls towards back half of recording,NMSU107_250327_0150,2025-08-12T00:00:00Z,MLH,212.9496,213.3933,53,NMSU107_250327_0150.wav,0.44370000000000687,5.24362784613671,3.0294330937695917,4.435611105419526,2.9029812519209095,6.757094559983607,3.8541133080626984,0.2588359788359788,0.17255731922398587,0.34511463844797174,0.17255731922398587,0.29581254724111866,3.3691307439709437,19.883917909237738,0.89806632981118,0.8723848696837555,0.7834594780996949,0.2106676988574429,3.696145217483108,0.021533203125,6.912158203125,6.890625,5.3375,0.021533203125,2.863916015625,6.406091531440063,2.8750845139059433,2.675117538838921,FALSE,1,3.8700591810144344e-98,FALSE
NMSU107_250327_0150__54,NMSU107_250327_0150.wav,54,220.7317,220.905,contact-like,high,FALSE,NA,NA,NA,2025-08-11T00:00:00Z,MLH,yes,84,40,44,yes,Little to no calls towards back half of recording,NMSU107_250327_0150,2025-08-12T00:00:00Z,MLH,220.7317,220.905,54,NMSU107_250327_0150.wav,0.17330000000001178,5.81394461248054,2.9327410911395906,4.96327387198321,3.976390346274921,7.18520461699895,3.2088142707240292,0.08664399092970522,0.04332199546485261,0.12996598639455784,0.08664399092970523,0.1444066515495087,3.5967334315778086,21.32313549819534,0.8804861172705706,0.9544612535578586,0.8403898832303605,0.21736417002748615,4.357989032451923,2.820849609375,5.749365234375,2.928515625,3.808823529411765,3.036181640625,5.749365234375,15.65599303952577,4.993630184031189,4.9570662130332375,FALSE,2,0.9997380470847738,TRUE
NMSU107_250327_0150__55,NMSU107_250327_0150.wav,55,252.6654,252.8363,contact-like,high,FALSE,NA,NA,NA,2025-08-11T00:00:00Z,MLH,yes,84,40,44,yes,Little to no calls towards back half of recording,NMSU107_250327_0150,2025-08-12T00:00:00Z,MLH,252.6654,252.8363,55,NMSU107_250327_0150.wav,0.17089999999998895,5.585599688932918,3.086148244497261,4.670391061452514,3.6169193934557065,6.8417132216014895,3.224793828145783,0.08545351473922902,0.04272675736961451,0.12818027210884353,0.08545351473922902,0.02848450491307634,3.949155338346434,23.358887955970907,0.875385482894226,0.9558321155032515,0.8367215579956234,0.22658789169274332,4.0233961838942305,2.605517578125,5.146435546875,2.5409179687499996,4.779661016949153,2.820849609375,4.026708984375,7.055935488590276,4.6909808025847255,4.604842775640175,FALSE,2,0.9990624894996966,TRUE
NMSU107_250327_0150__56,NMSU107_250327_0150.wav,56,261.3924,261.5612,contact-like,high,FALSE,NA,NA,NA,2025-08-11T00:00:00Z,MLH,yes,84,40,44,yes,Little to no calls towards back half of recording,NMSU107_250327_0150,2025-08-12T00:00:00Z,MLH,261.3924,261.5612,56,NMSU107_250327_0150.wav,0.16879999999997608,5.908741392634086,3.1076071307667372,4.840829517910046,3.9224346889307835,7.60193913277673,3.6795044438459463,0.08439909297052155,0.042199546485260774,0.1125321239606954,0.07033257747543462,0.0562660619803477,3.9526873266490536,24.145778536273824,0.8827150956753794,0.9521887839929546,0.8405114135633641,0.2305051742268267,4.394429837740384,3.036181640625,5.060302734375,2.02412109375,3.0638297872340425,3.079248046875,5.060302734375,11.736105968603558,4.820687680347495,4.638675443310048,FALSE,2,0.999457968766614,TRUE
NMSU107_250327_0150__57,NMSU107_250327_0150.wav,57,265.0683,265.2326,contact-like,high,FALSE,NA,NA,NA,2025-08-11T00:00:00Z,MLH,yes,84,40,44,yes,Little to no calls towards back half of recording,NMSU107_250327_0150,2025-08-12T00:00:00Z,MLH,265.0683,265.2326,57,NMSU107_250327_0150.wav,0.1642999999999688,5.44338542563007,2.3727272003180837,4.699501936912009,4.1942446043165464,6.653569452130603,2.459324847814057,0.08215419501133787,0.04107709750566894,0.12323129251700682,0.08215419501133789,0.027384731670445958,4.977407300393647,33.403133490642816,0.8390119934051659,0.9574956089022368,0.8033502995017588,0.1136658155050661,4.4507474459134615,2.950048828125,4.974169921875,2.0241210937500003,4.23404255319149,4.672705078125,4.974169921875,1.8348438451007734,4.561273924821955,4.45503726193762,FALSE,2,0.9916065246428449,TRUE
NMSU107_250327_0150__58,NMSU107_250327_0150.wav,58,269.0247,269.1946,contact-like,high,FALSE,NA,NA,NA,2025-08-11T00:00:00Z,MLH,yes,84,40,44,yes,Little to no calls towards back half of recording,NMSU107_250327_0150,2025-08-12T00:00:00Z,MLH,269.0247,269.1946,58,NMSU107_250327_0150.wav,0.16989999999998417,5.8080863978552,2.8621326905253714,4.815627508696815,4.185710462938186,7.188118811881188,3.0024083489430025,0.08495464852607709,0.042477324263038546,0.12743197278911564,0.08495464852607709,0.02831821617535903,4.503902941584756,29.87289738886113,0.8677971775022196,0.9531424206208748,0.8271343023724286,0.1908456966965319,4.5965106670673075,2.906982421875,7.601220703125,4.69423828125,2.348623853211009,2.906982421875,4.285107421875,8.11138905238451,4.4748026729801085,4.490631255838783,FALSE,2,0.9990336026878182,TRUE
NMSU107_250327_0150__59,NMSU107_250327_0150.wav,59,270.7884,270.9582,contact-like,high,FALSE,NA,NA,NA,2025-08-11T00:00:00Z,MLH,yes,84,40,44,yes,Little to no calls towards back half of recording,NMSU107_250327_0150,2025-08-12T00:00:00Z,MLH,270.7884,270.9582,59,NMSU107_250327_0150.wav,0.16979999999995243,5.916954885587376,3.0840468020275003,4.865327978580991,3.863989290495315,7.586613119143241,3.7226238286479254,0.08490929705215419,0.042454648526077096,0.12736394557823127,0.08490929705215418,0.02830309901738473,3.287382827412965,18.07662120420634,0.8880132216426939,0.9544861025628727,0.8475962789500353,0.22892488641335068,4.3049842247596155,2.691650390625,5.964697265625,3.2730468750000004,3.276315789473684,4.888037109375,2.691650390625,-12.935139686399385,4.4748026729801085,4.575470690345841,FALSE,2,0.9959279923705532,TRUE
NMSU107_250327_0150__60,NMSU107_250327_0150.wav,60,284.7353,284.9231,non-contact,high,FALSE,NA,NA,NA,2025-08-11T00:00:00Z,MLH,yes,84,40,44,yes,Little to no calls towards back half of recording,NMSU107_250327_0150,2025-08-12T00:00:00Z,MLH,284.7353,284.9231,60,NMSU107_250327_0150.wav,0.18779999999998154,5.222906223077837,2.671353727307004,4.489469862018882,3.6693294601791333,6.390704429920116,2.721374969740983,0.09390022675736961,0.053657272432782635,0.13414318108195658,0.08048590864917395,0.13414318108195658,4.7727099667550545,34.08005179302894,0.8449186786279436,0.9435845737732288,0.7972522312461878,0.176707409151368,3.972158203125,2.088720703125,4.715771484375,2.62705078125,2.655737704918034,3.036181640625,2.088720703125,-5.045052915335961,4.647745176663801,4.611277469210336,FALSE,2,0.7111530906703318,FALSE
NMSU107_250327_0150__61,NMSU107_250327_0150.wav,61,292.4906,292.6582,contact-like,high,FALSE,NA,NA,NA,2025-08-11T00:00:00Z,MLH,yes,84,40,44,yes,Little to no calls towards back half of recording,NMSU107_250327_0150,2025-08-12T00:00:00Z,MLH,292.4906,292.6582,61,NMSU107_250327_0150.wav,0.16760000000004993,5.247801850108273,2.78149087063783,4.570653647952264,3.5324111743965285,6.295090859777597,2.7626796853810682,0.0838095238095238,0.0419047619047619,0.12571428571428572,0.08380952380952382,0.05587301587301587,4.494029539316894,30.626295916858705,0.860409287008021,0.9558745128733337,0.8224433080904844,0.17743778227133433,4.043272986778846,2.519384765625,5.060302734375,2.54091796875,3.830508474576271,4.629638671875,5.060302734375,2.5695946449873013,4.561273924821955,4.522159090909091,FALSE,2,0.9981921008794162,TRUE
NMSU107_250327_0150__62,NMSU107_250327_0150.wav,62,296.8985,297.0494,contact-like,high,FALSE,NA,NA,NA,2025-08-11T00:00:00Z,MLH,yes,84,40,44,yes,Little to no calls towards back half of recording,NMSU107_250327_0150,2025-08-12T00:00:00Z,MLH,296.8985,297.0494,62,NMSU107_250327_0150.wav,0.15089999999997872,5.093636109559027,2.499451049520875,4.447725218439289,3.5926483880686955,6.012051822838204,2.419403434769509,0.07545351473922902,0.03018140589569161,0.10563492063492064,0.07545351473922902,0.06036281179138322,3.2951223977466406,16.41886856256841,0.8583132571897526,0.9548037682802861,0.8195207323297021,0.14152538696919242,3.5373180042613637,2.863916015625,4.457373046875,1.5934570312500003,4.594594594594595,2.906982421875,4.285107421875,9.132703777337271,2.9183201398268666,3.677761081893313,FALSE,2,0.9853360892516079,TRUE
NMSU107_250327_0150__63,NMSU107_250327_0150.wav,63,300.6571,300.8237,contact-like,high,FALSE,NA,NA,NA,2025-08-11T00:00:00Z,MLH,yes,84,40,44,yes,Little to no calls towards back half of recording,NMSU107_250327_0150,2025-08-12T00:00:00Z,MLH,300.6571,300.8237,63,NMSU107_250327_0150.wav,0.1665999999999599,5.167702978957554,2.5350672112880486,4.665393013100436,3.638646288209607,5.848253275109171,2.2096069868995634,0.08329931972789116,0.04164965986394558,0.12494897959183675,0.08329931972789117,0.13883219954648526,4.054647485024441,24.6662610620839,0.8524253147947405,0.9557732952614723,0.814725352085667,0.1425913898291975,4.000206580528846,2.777783203125,4.801904296875,2.02412109375,4.76595744680851,4.586572265625,4.328173828125,-1.5510110294121349,4.777452054426572,4.777950183748469,FALSE,2,0.9976468709670053,TRUE
NMSU107_250327_0150__64,NMSU107_250327_0150.wav,64,307.9151,308.0827,contact-like,high,FALSE,NA,NA,NA,2025-08-11T00:00:00Z,MLH,yes,84,40,44,yes,Little to no calls towards back half of recording,NMSU107_250327_0150,2025-08-12T00:00:00Z,MLH,307.9151,308.0827,64,NMSU107_250327_0150.wav,0.1675999999999931,5.7285168049414255,2.8532669614873787,4.762886597938144,3.9810092240911557,7.347259902333152,3.3662506782419963,0.08379818594104309,0.041899092970521544,0.12569727891156462,0.08379818594104307,0.1396636432350718,4.015850894986274,24.20185528706197,0.8725908424720177,0.9554640493386433,0.8337291797641322,0.19755200593587383,4.132718599759615,2.950048828125,5.189501953125,2.2394531250000003,4.750000000000001,2.950048828125,5.146435546875,13.10493268943968,4.4748026729801085,4.469070491137871,FALSE,2,0.9996377901057819,TRUE
NMSU107_250327_0150__65,NMSU107_250327_0150.wav,65,318.128,318.2934,contact-like,high,FALSE,NA,NA,NA,2025-08-11T00:00:00Z,MLH,yes,84,40,44,yes,Little to no calls towards back half of recording,NMSU107_250327_0150,2025-08-12T00:00:00Z,MLH,318.128,318.2934,65,NMSU107_250327_0150.wav,0.16540000000003374,5.427406290323477,2.646925545736178,4.825728422210005,3.7432655305112696,6.585486531061022,2.842221000549752,0.0826984126984127,0.04134920634920635,0.12404761904761906,0.08269841269841272,0.13783068783068783,2.928693789179981,13.495688729153883,0.8713086521259749,0.9557495637448904,0.8327528641565489,0.16648210855391743,4.414306640625,2.820849609375,5.620166015625,2.79931640625,4.3999999999999995,2.820849609375,4.285107421875,8.852828370614878,4.863923306268418,4.407581573896353,FALSE,2,0.9991905842514259,TRUE
NMSU107_250327_0150__66,NMSU107_250327_0150.wav,66,354.9518,355.1195,contact-like,high,FALSE,NA,NA,NA,2025-08-11T00:00:00Z,MLH,yes,84,40,44,yes,Little to no calls towards back half of recording,NMSU107_250327_0150,2025-08-12T00:00:00Z,MLH,354.9518,355.1195,66,NMSU107_250327_0150.wav,0.16770000000002483,5.351951209737448,3.0192415331712787,4.526429926809434,3.3992952019517486,6.548116020601789,3.1488208186500404,0.0838548752834467,0.04192743764172335,0.12578231292517006,0.0838548752834467,0.05590325018896447,3.3536292442394853,16.69201416707115,0.8707757826501249,0.951946783688424,0.8289322056075565,0.2146585477888403,3.493348106971154,2.562451171875,4.715771484375,2.1533203125,4.819999999999999,3.208447265625,3.682177734375,2.824868627012106,3.523618902719794,3.535870740941049,FALSE,2,0.9828170391569998,TRUE
NMSU107_250327_0150__67,NMSU107_250327_0150.wav,67,384.3568,384.5244,contact-like,high,FALSE,NA,NA,NA,2025-08-11T00:00:00Z,MLH,yes,84,40,44,yes,Little to no calls towards back half of recording,NMSU107_250327_0150,2025-08-12T00:00:00Z,MLH,384.3568,384.5244,67,NMSU107_250327_0150.wav,0.1675999999999931,5.338458719170081,2.8346515436695947,4.637547476939773,3.503526858383071,6.410200759631037,2.9066739012479657,0.08379818594104309,0.041899092970521544,0.12569727891156462,0.08379818594104307,0.055865457294028725,3.3867087305623227,18.262424604401595,0.8707778407159994,0.9547517120003332,0.8313766341955539,0.20093342808397938,4.314922626201923,3.122314453125,6.136962890625,3.0146484375,3.1714285714285717,3.208447265625,4.155908203125,5.653108218973979,4.561273924821955,4.528737653903396,FALSE,2,0.9994316540574326,TRUE
NMSU107_250327_0150__68,NMSU107_250327_0150.wav,68,409.27,409.4387,contact-like,high,FALSE,NA,NA,NA,2025-08-11T00:00:00Z,MLH,yes,84,40,44,yes,Little to no calls towards back half of recording,NMSU107_250327_0150,2025-08-12T00:00:00Z,MLH,409.27,409.4387,68,NMSU107_250327_0150.wav,0.16870000000000118,5.182874874773727,2.8981690403765445,4.351387766100782,3.473996227431959,6.189167340339532,2.7151711129075724,0.08435374149659863,0.04217687074829932,0.12653061224489795,0.08435374149659863,0.056235827664399086,4.127616308734796,24.227827848610488,0.8582190949832611,0.9539552062391438,0.8187025737531282,0.19316133798573268,4.179097806490384,2.993115234375,5.103369140625,2.1102539062500005,3.7755102040816317,2.993115234375,5.103369140625,12.508914678423151,4.2586245433754915,4.244032258064516,FALSE,2,0.998835852310118,TRUE
NMSU107_250327_0150__69,NMSU107_250327_0150.wav,69,412.8743,413.042,contact-like,high,FALSE,NA,NA,NA,2025-08-11T00:00:00Z,MLH,yes,84,40,44,yes,Little to no calls towards back half of recording,NMSU107_250327_0150,2025-08-12T00:00:00Z,MLH,412.8743,413.042,69,NMSU107_250327_0150.wav,0.16769999999996799,5.37300120722779,2.7689419950933614,4.629067245119306,3.6746203904555315,6.627440347071583,2.952819956616052,0.08384353741496599,0.041921768707482994,0.125765306122449,0.083843537414966,0.02794784580498866,4.072216718177177,26.459745977365486,0.8656190122820523,0.9546664434079065,0.8263774238015719,0.19428518233314027,4.000206580528846,2.605517578125,4.844970703125,2.239453125,3.9423076923076934,2.820849609375,2.605517578125,-1.2840311940968463,4.604509550742878,4.591886409736309,FALSE,2,0.9985073518065175,TRUE
NMSU107_250327_0150__70,NMSU107_250327_0150.wav,70,481.8413,482.0123,contact-like,high,FALSE,NA,NA,NA,2025-08-11T00:00:00Z,MLH,yes,84,40,44,yes,Little to no calls towards back half of recording,NMSU107_250327_0150,2025-08-12T00:00:00Z,MLH,481.8413,482.0123,70,NMSU107_250327_0150.wav,0.17099999999999227,5.74842759608378,2.9408288324917295,4.738101568731721,3.995214038819463,7.323584153150757,3.3283701143312947,0.08549886621315193,0.04274943310657597,0.1282482993197279,0.08549886621315192,0.07124905517762661,4.772725589397162,36.648271200397225,0.8744619026984367,0.9537714522138986,0.8340367988424169,0.20311026652979478,4.430870643028846,2.993115234375,5.275634765625,2.28251953125,1.6037735849056598,2.993115234375,5.275634765625,13.348067434211131,4.561273924821955,4.508831719931044,FALSE,2,0.9996717179696138,TRUE
NMSU107_250327_0150__71,NMSU107_250327_0150.wav,71,683.1866,683.3588,contact-like,high,FALSE,NA,NA,NA,2025-08-11T00:00:00Z,MLH,yes,84,40,44,yes,Little to no calls towards back half of recording,NMSU107_250327_0150,2025-08-12T00:00:00Z,MLH,683.1866,683.3588,71,NMSU107_250327_0150.wav,0.17219999999997526,5.532508406489725,2.8838583062137206,4.559134107708553,3.8099260823653642,7.073917634635691,3.263991552270327,0.07174981103552532,0.04304988662131519,0.12914965986394555,0.08609977324263036,0.07174981103552532,5.015220922925717,39.167619934848496,0.8664054770710805,0.9514397077424014,0.8243325738909247,0.187286262854394,4.248666616586538,2.950048828125,5.103369140625,2.1533203125000004,3.46,4.543505859375,5.103369140625,3.251238567073639,4.561273924821955,4.558664735317356,FALSE,2,0.9948113654165738,TRUE
NMSU107_250327_0150__72,NMSU107_250327_0150.wav,72,881.9636,882.1335,contact-like,high,FALSE,NA,NA,NA,2025-08-11T00:00:00Z,MLH,yes,84,40,44,yes,Little to no calls towards back half of recording,NMSU107_250327_0150,2025-08-12T00:00:00Z,MLH,881.9636,882.1335,72,NMSU107_250327_0150.wav,0.16989999999998417,5.5931400105411555,3.0643705016978218,4.621354027294621,3.6735349210596735,7.052716082419053,3.3791811613593796,0.07078609221466364,0.04247165532879819,0.11325774754346184,0.07078609221466364,0.02831443688586546,5.2477770247978075,47.02857673655802,0.8778544132316707,0.9506025342302776,0.8344906299032595,0.23017552265746385,4.152595402644231,2.906982421875,5.017236328125,2.1102539062499996,3.2040816326530623,2.906982421875,5.017236328125,12.42056448646378,4.647745176663801,4.656046449546183,FALSE,2,0.9995842140251393,TRUE
NMSU107_250327_0150__73,NMSU107_250327_0150.wav,73,1015.758,1015.9301,contact-like,high,FALSE,NA,NA,NA,2025-08-11T00:00:00Z,MLH,yes,84,40,44,yes,Little to no calls towards back half of recording,NMSU107_250327_0150,2025-08-12T00:00:00Z,MLH,1015.758,1015.9301,73,NMSU107_250327_0150.wav,0.17210000000000036,5.425383470507623,2.886922004492659,4.632496697490093,3.522324966974901,6.73659180977543,3.2142668428005288,0.07170256991685564,0.04302154195011338,0.11472411186696901,0.07170256991685564,0.07170256991685564,3.3149369037977348,17.420211165769768,0.8788061840343783,0.9500457581295894,0.8349060873599123,0.18877728049085882,3.9206993689903844,2.605517578125,4.931103515625,2.3255859374999996,2.9814814814814823,2.906982421875,2.605517578125,-1.7516841589192282,4.518038298901032,4.584912373171695,FALSE,2,0.9976645486051864,TRUE
NMSU107_250327_0150__74,NMSU107_250327_0150.wav,74,1091.4542,1091.6286,contact-like,high,FALSE,NA,NA,NA,2025-08-11T00:00:00Z,MLH,yes,84,40,44,yes,Little to no calls towards back half of recording,NMSU107_250327_0150,2025-08-12T00:00:00Z,MLH,1091.4542,1091.6286,74,NMSU107_250327_0150.wav,0.17440000000010514,5.440497076129208,3.0126240112377567,4.605318039624609,3.4754953076120954,6.704379562043795,3.2288842544316996,0.08049188906331763,0.04024594453165881,0.12073783359497645,0.08049188906331764,0.053661259375545084,3.282459046927276,16.825856579364853,0.8763335065902275,0.9495437825844324,0.8321170326531642,0.21690372292987556,3.99287109375,2.691650390625,5.060302734375,2.36865234375,3.927272727272727,2.950048828125,4.242041015625,7.408212084284528,4.604509550742878,4.5986477701209205,FALSE,2,0.9981912744242583,TRUE
NMSU107_250327_0150__75,NMSU107_250327_0150.wav,75,1153.874,1154.0372,contact-like,high,FALSE,NA,NA,NA,2025-08-11T00:00:00Z,MLH,yes,84,40,44,yes,Little to no calls towards back half of recording,NMSU107_250327_0150,2025-08-12T00:00:00Z,MLH,1153.874,1154.0372,75,NMSU107_250327_0150.wav,0.1631999999999607,5.618878142251139,2.8444767927854424,4.8841225626740945,3.7075208913649025,7.139275766016713,3.43175487465181,0.08160997732426303,0.04080498866213152,0.12241496598639455,0.08160997732426303,0.10881330309901738,2.8198763353572023,13.272733040279018,0.8815927106575241,0.9554499880645027,0.8423177448754839,0.20107548898094646,4.2321026141826925,2.820849609375,5.189501953125,2.36865234375,3.90909090909091,2.820849609375,4.155908203125,8.180506089156378,4.950394558110266,4.398971936649069,FALSE,2,0.9986346752518646,TRUE
NMSU107_250327_0150__76,NMSU107_250327_0150.wav,76,1173.8439,1174.016,contact-like,high,FALSE,NA,NA,NA,2025-08-11T00:00:00Z,MLH,yes,84,40,44,yes,Little to no calls towards back half of recording,NMSU107_250327_0150,2025-08-12T00:00:00Z,MLH,1173.8439,1174.016,76,NMSU107_250327_0150.wav,0.17210000000000036,5.155842230467815,2.790387297442506,4.468568409931326,3.434231378763867,6.025884838880084,2.5916534601162176,0.07171201814058957,0.04302721088435374,0.11473922902494331,0.07171201814058957,0.057369614512471655,3.754143276188032,21.869012578097085,0.8655319904767672,0.9518925456919769,0.8238934497927738,0.1839607595014318,3.8776329627403845,2.476318359375,4.500439453125,2.02412109375,3.212765957446808,2.863916015625,2.476318359375,-2.2521653471818666,4.388331421138261,4.473913043478261,FALSE,2,0.9953399609741417,TRUE
NMSU107_250327_0150__77,NMSU107_250327_0150.wav,77,1209.0784,1209.2449,contact-like,high,FALSE,NA,NA,NA,2025-08-11T00:00:00Z,MLH,yes,84,40,44,yes,Little to no calls towards back half of recording,NMSU107_250327_0150,2025-08-12T00:00:00Z,MLH,1209.0784,1209.2449,77,NMSU107_250327_0150.wav,0.16649999999981446,4.926148132500045,2.28248373957889,4.559803386127799,3.604587657018023,5.436919716002185,1.8323320589841618,0.08325396825396826,0.04162698412698413,0.12488095238095238,0.08325396825396825,0.027751322751322752,3.8382770031647473,22.033919454488935,0.8466369773572477,0.955185394231187,0.8086952749876832,0.12371016818047484,4.076400991586539,2.562451171875,5.017236328125,2.45478515625,3.0701754385964914,2.863916015625,2.562451171875,-1.8105996621641813,4.518038298901032,4.510295519542421,FALSE,2,0.9972048885235084,TRUE
NMSU107_250327_0150__78,NMSU107_250327_0150.wav,78,1233.7435,1234.0765,non-contact,medium,FALSE,NA,NA,NA,2025-08-11T00:00:00Z,MLH,yes,84,40,44,yes,Little to no calls towards back half of recording,NMSU107_250327_0150,2025-08-12T00:00:00Z,MLH,1233.7435,1234.0765,78,NMSU107_250327_0150.wav,0.3329999999998563,4.171923685992017,2.862296872919288,3.3783783783783785,2.156156156156156,6.027027027027026,3.8708708708708706,0.20493284493284494,0.1280830280830281,0.268974358974359,0.1408913308913309,0.24335775335775336,3.458311020157663,18.46651130204288,0.8747976228676645,0.8946742069087228,0.7826588694447637,0.16632980976348108,2.6023274739583333,1.701123046875,3.682177734375,1.9810546875000001,9.434782608695652,2.131787109375,2.217919921875,0.25865709459470704,2.140078873250246,2.7025738798856054,FALSE,1,1.9752226806049446e-60,FALSE
NMSU107_250327_0150__79,NMSU107_250327_0150.wav,79,1292.569,1292.7366,contact-like,high,FALSE,NA,NA,NA,2025-08-11T00:00:00Z,MLH,yes,84,40,44,yes,Little to no calls towards back half of recording,NMSU107_250327_0150,2025-08-12T00:00:00Z,MLH,1292.569,1292.7366,79,NMSU107_250327_0150.wav,0.1675999999999931,4.782915322597158,2.733554208130593,3.909386869234943,3.0021703743895825,5.610417797069995,2.6082474226804124,0.0698318216175359,0.041899092970521544,0.11173091458805745,0.0698318216175359,0.055865457294028725,3.200712724076288,15.54705418723048,0.8588664090817366,0.9543883334652705,0.8196920808328199,0.16635265238136815,3.3111440805288463,2.433251953125,4.586572265625,2.1533203124999996,4.1000000000000005,3.036181640625,2.648583984375,-2.312635180489356,3.6965614064034873,3.669530510079827,FALSE,2,0.9217686423728818,TRUE
NMSU107_250327_0150__80,NMSU107_250327_0150.wav,80,1452.3538,1452.5236,contact-like,high,FALSE,NA,NA,NA,2025-08-11T00:00:00Z,MLH,yes,84,40,44,yes,Little to no calls towards back half of recording,NMSU107_250327_0150,2025-08-12T00:00:00Z,MLH,1452.3538,1452.5236,80,NMSU107_250327_0150.wav,0.1697999999998956,5.586829799584007,2.8401780362125146,4.6650602409638555,3.7874163319946454,6.873895582329318,3.0864792503346727,0.08489795918367347,0.04244897959183674,0.1273469387755102,0.08489795918367346,0.056598639455782314,3.797744938501907,22.604470290112026,0.8717320046271273,0.9527505380542425,0.8305431364475989,0.190246087170352,4.0863393930288465,2.950048828125,5.146435546875,2.19638671875,3.9215686274509816,2.993115234375,5.146435546875,12.681509496474229,4.431567047059185,4.393509615384615,FALSE,2,0.9993470054414323,TRUE
NMSU107_250327_0150__81,NMSU107_250327_0150.wav,81,1542.5871,1542.7513,contact-like,high,FALSE,NA,NA,NA,2025-08-11T00:00:00Z,MLH,yes,84,40,44,yes,Little to no calls towards back half of recording,NMSU107_250327_0150,2025-08-12T00:00:00Z,MLH,1542.5871,1542.7513,81,NMSU107_250327_0150.wav,0.16419999999993706,4.668595719003218,2.475169333217439,4.258654112434228,3.302132373303794,5.294378288562725,1.9922459152589314,0.08209750566893424,0.04104875283446712,0.12314625850340137,0.08209750566893426,0.054731670445956164,3.6959278481387594,20.67118603439077,0.8486311231857677,0.9567362142603849,0.8119161281002898,0.15911925346412228,3.6722393329326923,2.476318359375,4.543505859375,2.0671875,3.7291666666666665,3.036181640625,2.476318359375,-3.4096423949464967,4.388331421138261,4.354578096947936,FALSE,2,0.9922231900415577,TRUE
NMSU107_250327_0150__82,NMSU107_250327_0150.wav,82,1545.9598,1546.1218,contact-like,high,FALSE,NA,NA,NA,2025-08-11T00:00:00Z,MLH,yes,84,40,44,yes,Little to no calls towards back half of recording,NMSU107_250327_0150,2025-08-12T00:00:00Z,MLH,1545.9598,1546.1218,82,NMSU107_250327_0150.wav,0.1619999999998072,5.075797375030128,2.8350170805338584,4.414818972775751,3.3466180185237158,5.915239966320516,2.5686219477968004,0.07363430220573078,0.04418058132343847,0.11781488352916925,0.07363430220573078,0.02945372088229231,4.516945724090554,32.0978472814834,0.8609126881894524,0.955681565342986,0.8227583854725339,0.19327125217550736,4.0302978515625,2.820849609375,4.931103515625,2.1102539062499996,3.4897959183673475,2.820849609375,4.931103515625,13.026258680571058,4.431567047059185,4.4569148936170215,FALSE,2,0.9983095671156876,TRUE
NMSU107_250327_0150__83,NMSU107_250327_0150.wav,83,1554.7941,1554.9569,contact-like,high,FALSE,NA,NA,NA,2025-08-11T00:00:00Z,MLH,yes,84,40,44,yes,Little to no calls towards back half of recording,NMSU107_250327_0150,2025-08-13T00:00:00Z,MLH,1554.7941,1554.9569,83,NMSU107_250327_0150.wav,0.16279999999983374,5.450388070553647,2.945430994217527,4.553631284916201,3.5826815642458105,6.636871508379889,3.0541899441340785,0.08139455782312925,0.040697278911564626,0.12209183673469387,0.08139455782312924,0.027131519274376417,3.459711558758079,18.937173120412243,0.8759647704596678,0.9540822713859198,0.8357424578542058,0.2153657748956344,3.5463529146634616,2.562451171875,4.672705078125,2.1102539062500005,6.020408163265305,2.863916015625,2.562451171875,-1.8517496544859222,4.345095795217338,4.496615127455078,FALSE,2,0.9927962298084174,TRUE
NMSU107_250327_0150__84,NMSU107_250327_0150.wav,84,3429.5793,3429.7581,contact-like,high,FALSE,NA,NA,NA,2025-08-11T00:00:00Z,MLH,yes,84,40,44,yes,Little to no calls towards back half of recording,NMSU107_250327_0150,2025-08-13T00:00:00Z,MLH,3429.5793,3429.7581,84,NMSU107_250327_0150.wav,0.17880000000013752,5.386636999443655,2.5973311858674406,4.765827612509535,3.7757437070938216,6.35443681667938,2.5786931095855583,0.08252223966509681,0.041261119832548404,0.12378335949764521,0.08252223966509681,0.06876853305424734,3.1015540335717855,14.407094289669644,0.8675464529779756,0.9486023300644555,0.8229565867340612,0.16808986862664024,4.069775390625,2.648583984375,5.447900390625,2.7993164062499996,4.7846153846153845,2.950048828125,4.888037109375,10.838860633380929,4.647745176663801,4.205859226379201,FALSE,2,0.9989594697891666,TRUE
NMSU153_250317_0105__1,NMSU153_250317_0105.wav,1,541.086,541.3919,non-contact,high,FALSE,NA,NA,NA,2025-08-14T00:00:00Z,MLH,yes,10,9,1,no,Lots of loud background calls,NMSU153_250317_0105,2025-08-14T00:00:00Z,MLH,541.086,541.3919,1,NMSU153_250317_0105.wav,0.30589999999995143,4.564542525474777,2.7149143076534266,3.841581215633824,2.576311487591024,5.894783771734285,3.3184722841432603,0.17843915343915345,0.1274565381708239,0.24216742252456538,0.1147108843537415,0.15294784580498866,7.7042524325413675,117.06341059238336,0.8684976601289255,0.9015296798300564,0.7829764174691833,0.15726124575842262,2.755313773777174,2.260986328125,4.155908203125,1.8949218749999996,3.31818181818182,3.983642578125,4.155908203125,0.5631435926774337,2.5724351324594794,2.5760415122312823,FALSE,1,7.046812930918694e-73,FALSE
NMSU153_250317_0105__2,NMSU153_250317_0105.wav,2,588.9458,589.1145,contact-like,high,FALSE,NA,NA,NA,2025-08-14T00:00:00Z,MLH,yes,10,9,1,no,Lots of loud background calls,NMSU153_250317_0105,2025-08-14T00:00:00Z,MLH,588.9458,589.1145,2,NMSU153_250317_0105.wav,0.16870000000005803,5.2874897514540065,2.771071628182042,4.465229110512129,3.237735849056604,7.216711590296496,3.9789757412398923,0.08434240362811792,0.04217120181405896,0.12651360544217688,0.08434240362811793,0.11245653817082389,3.120084076344493,16.045830645586424,0.875351323014556,0.9548578528173542,0.8358360847545092,0.12340946941003518,3.5065993088942307,2.131787109375,5.490966796875,3.3591796875,4.512820512820513,2.906982421875,4.112841796875,7.1479512448108204,4.128917665612721,4.819639736523726,FALSE,2,0.99519282628108,TRUE
NMSU153_250317_0105__3,NMSU153_250317_0105.wav,3,884.041468286,884.205731714,contact-like,high,FALSE,NA,NA,NA,2025-08-14T00:00:00Z,MLH,yes,10,9,1,no,Lots of loud background calls,NMSU153_250317_0105,2025-08-14T00:00:00Z,MLH,884.041,884.2062,3,NMSU153_250317_0105.wav,0.1642634279999129,5.736363705614743,3.058987457195438,4.816495986714641,3.623027954608359,7.532244672017714,3.9092167174093553,0.08213151927437641,0.041065759637188205,0.12319727891156462,0.08213151927437642,0.06844293272864702,3.385541065286011,18.533434961347766,0.8800828740899375,0.9568643841104579,0.8421199572822297,0.20426888635367624,4.387804236778846,3.596044921875,5.275634765625,1.67958984375,4.358974358974359,4.457373046875,4.198974609375,-1.5730734506535282,4.4748026729801085,3.9509801214798452,FALSE,2,0.9996261604247685,TRUE
NMSU153_250317_0105__4,NMSU153_250317_0105.wav,4,946.1216,946.286401594,contact-like,high,FALSE,NA,NA,NA,2025-08-14T00:00:00Z,MLH,yes,10,9,1,no,Lots of loud background calls,NMSU153_250317_0105,2025-08-14T00:00:00Z,MLH,946.1216,946.2984,4,NMSU153_250317_0105.wav,0.16480159400009597,5.893235771144924,2.757481900668303,5.22682119205298,3.9519867549668874,7.782560706401767,3.830573951434879,0.0823922902494331,0.04119614512471655,0.12358843537414967,0.08239229024943312,0.06866024187452759,3.065486847636241,15.462719061214171,0.8791007748283217,0.9570486928982735,0.8413422474753048,0.15433433965732438,4.314922626201923,3.380712890625,5.447900390625,2.0671874999999997,3.7708333333333326,4.285107421875,4.328173828125,0.2613227530431245,4.128917665612721,3.9020641254988306,FALSE,2,0.999733254182424,TRUE
NMSU153_250317_0105__5,NMSU153_250317_0105.wav,5,949.1251,949.296266654,contact-like,high,FALSE,NA,NA,NA,2025-08-14T00:00:00Z,MLH,yes,10,9,1,no,Lots of loud background calls,NMSU153_250317_0105,2025-08-14T00:00:00Z,MLH,949.1251,949.3089,5,NMSU153_250317_0105.wav,0.17116665399998965,5.752933754521036,2.622484184705886,5.258964143426295,3.9150066401062418,7.742363877822045,3.827357237715804,0.085578231292517,0.0427891156462585,0.1283673469387755,0.08557823129251699,0.09984126984126984,3.172551894563218,17.65345715263347,0.87331856130838,0.9548811517009997,0.8339154336240061,0.12207604146937688,3.9273249699519233,3.165380859375,4.629638671875,1.4642578125,2.3235294117647065,3.466845703125,4.457373046875,5.786917723764467,4.085682039691798,3.9554451510333863,FALSE,2,0.9993923108179029,TRUE
NMSU153_250317_0105__6,NMSU153_250317_0105.wav,6,956.2275,956.393466654,contact-like,high,FALSE,NA,NA,NA,2025-08-14T00:00:00Z,MLH,yes,10,9,1,no,Lots of loud background calls,NMSU153_250317_0105,2025-08-14T00:00:00Z,MLH,956.2275,956.4009,6,NMSU153_250317_0105.wav,0.1659666540000444,5.690920148233723,2.5703290005962103,4.960547945205479,3.978082191780822,7.51013698630137,3.5320547945205476,0.08298185941043083,0.04149092970521542,0.12447278911564626,0.08298185941043085,0.06915154950869236,3.0920862932767106,15.767526825003296,0.870983346606855,0.9555888126361064,0.8323019420098668,0.11979528320575407,4.0200833834134615,2.863916015625,5.318701171875,2.4547851562500003,2.719298245614035,3.208447265625,4.371240234375,7.006184319108396,4.301860169296415,4.272018035250718,FALSE,2,0.9992858080635787,TRUE
NMSU153_250317_0105__7,NMSU153_250317_0105.wav,7,1324.393,1324.5722,contact-like,high,FALSE,NA,NA,NA,2025-08-14T00:00:00Z,MLH,yes,10,9,1,no,Lots of loud background calls,NMSU153_250317_0105,2025-08-14T00:00:00Z,MLH,1324.393,1324.5722,7,NMSU153_250317_0105.wav,0.1792000000000371,6.008076094764696,2.6810907311258103,5.385591070522578,4.018264840182649,7.852359208523592,3.834094368340944,0.09649572649572649,0.055140415140415136,0.13785103785103783,0.0827106227106227,0.06892551892551892,2.4117464123141703,10.285161138727243,0.8841407864636978,0.9521037402657483,0.8417937497135869,0.14080591302677434,4.405078125,2.777783203125,5.404833984375,2.6270507812500004,3.8524590163934413,4.371240234375,4.242041015625,-0.7209777832029718,4.042446413770874,5.356953055801594,FALSE,2,0.9997693449763672,TRUE
NMSU153_250317_0105__8,NMSU153_250317_0105.wav,8,1328.235,1328.4106,contact-like,high,FALSE,NA,NA,NA,2025-08-14T00:00:00Z,MLH,yes,10,9,1,no,Lots of loud background calls,NMSU153_250317_0105,2025-08-14T00:00:00Z,MLH,1328.235,1328.4106,8,NMSU153_250317_0105.wav,0.1756000000000313,5.954059133669396,2.6925802252982947,5.40460781775822,3.9751488480455603,7.990163085684701,4.015014237639141,0.08104657247514391,0.040523286237571954,0.12156985871271585,0.0810465724751439,0.0270155241583813,2.6990007459394736,12.867263920152798,0.8809111299980871,0.9531980395650714,0.8396827621452284,0.13801190175590447,4.377392578125,3.165380859375,5.447900390625,2.2825195312499997,4.264150943396226,4.414306640625,3.811376953125,-3.433540361616701,4.042446413770874,3.9977014462809914,FALSE,2,0.9997359581816132,TRUE
NMSU153_250317_0105__9,NMSU153_250317_0105.wav,9,1765.6004,1765.7726,contact-like,high,FALSE,NA,NA,NA,2025-08-14T00:00:00Z,MLH,yes,10,9,1,no,Lots of loud background calls,NMSU153_250317_0105,2025-08-14T00:00:00Z,MLH,1765.6004,1765.7726,9,NMSU153_250317_0105.wav,0.17219999999997526,5.067953805720547,2.3051566441756535,4.477824709609293,3.658922914466737,6.220168954593453,2.5612460401267163,0.08609977324263038,0.04304988662131519,0.12914965986394555,0.08609977324263036,0.028699924414210126,3.7308036838915815,20.856332610214288,0.8485975297890787,0.9546490504423469,0.8101128260208652,0.11211207516999998,4.3745530348557695,3.639111328125,5.232568359375,1.5934570312499998,4.297297297297296,4.242041015625,4.371240234375,0.7502858231708354,4.388331421138261,5.203265736107453,FALSE,2,0.9980684426451789,TRUE
NMSU153_250317_0105__10,NMSU153_250317_0105.wav,10,1771.6904,1771.8603,contact-like,high,FALSE,NA,NA,NA,2025-08-14T00:00:00Z,MLH,yes,10,9,1,no,Lots of loud background calls,NMSU153_250317_0105,2025-08-14T00:00:00Z,MLH,1771.6904,1771.8603,10,NMSU153_250317_0105.wav,0.16990000000009786,5.0327027542159435,2.4393497499360235,4.444741771474445,3.5793417179555793,5.73989831415574,2.1605565962001605,0.08494331065759637,0.04247165532879819,0.12741496598639457,0.08494331065759639,0.11325774754346184,3.487174434136307,17.923645647481365,0.851793204716816,0.956886838277139,0.8150697065274258,0.12461883665203317,4.030021784855769,3.079248046875,5.275634765625,2.19638671875,2.8235294117647056,3.079248046875,4.371240234375,7.604427236605388,4.172153291533644,3.961465563267485,FALSE,2,0.99776278655304,TRUE
NMSU162_250320_0120__2,NMSU162_250320_0120.wav,2,59.1096,59.5019,non-contact,medium,FALSE,NA,NA,NA,2025-08-14T00:00:00Z,MLH,yes,32,11,21,yes,NA,NMSU162_250320_0120,2025-08-14T00:00:00Z,MLH,59.1096,59.5019,2,NMSU162_250320_0120.wav,0.39229999999999876,4.280629656217875,2.619549697658636,3.663267670915411,2.490614136732329,5.417149478563152,2.926535341830823,0.18982883475971035,0.11389730085582621,0.2784156243142418,0.1645183234584156,0.21513934606100504,3.945059592327576,25.007812362183877,0.8752193092041096,0.8829236946730679,0.7727518661317027,0.17698066267422968,3.0146484375,2.217919921875,4.414306640625,2.19638671875,6.509803921568627,3.165380859375,2.390185546875,-1.9760267970940661,2.4427282546967093,2.4903589387896656,FALSE,1,5.4008691962448235e-61,FALSE
NMSU162_250320_0120__5,NMSU162_250320_0120.wav,5,62.162,62.5108,non-contact,medium,FALSE,NA,NA,NA,2025-08-14T00:00:00Z,MLH,yes,32,11,21,yes,NA,NMSU162_250320_0120,2025-08-14T00:00:00Z,MLH,62.162,62.5108,5,NMSU162_250320_0120.wav,0.3488000000000042,4.19624380318612,2.7475959740698888,3.5811286328685,2.2392805942916723,5.378860940961814,3.139580346670142,0.19931324910916745,0.13702785876255263,0.26159863945578227,0.12457078069322963,0.23668448331713635,3.8977396315855426,25.05465487843133,0.8782798117560718,0.8882607116737642,0.780141450639148,0.1994894593390367,2.335060546875,0.021533203125,4.155908203125,4.1343749999999995,4.125,2.088720703125,2.088720703125,0,2.183314499171169,2.2018463138733586,FALSE,1,1.050735902466869e-62,FALSE
NMSU162_250320_0120__6,NMSU162_250320_0120.wav,6,63.5024,63.8621,non-contact,medium,FALSE,NA,NA,NA,2025-08-14T00:00:00Z,MLH,yes,32,11,21,yes,NA,NMSU162_250320_0120,2025-08-14T00:00:00Z,MLH,63.5024,63.8621,6,NMSU162_250320_0120.wav,0.3596999999999966,4.655931307550863,3.1471851339378847,3.889548843674965,2.5327941362315176,5.933021610008845,3.4002274737773277,0.17985260770975056,0.10277291869128603,0.2569322967282151,0.15415937803692908,0.11561953352769679,2.8648188506950154,13.42017500119654,0.8967097725072494,0.8909705900874502,0.7989420351479671,0.24489433713107786,2.834215045797414,0.150732421875,4.629638671875,4.47890625,6.153846153846154,2.045654296875,2.562451171875,1.4367441618015144,3.739797032324411,4.1784214839563765,FALSE,1,6.7572455347727566e-43,FALSE
NMSU162_250320_0120__7,NMSU162_250320_0120.wav,7,64.9082,65.2351,non-contact,medium,FALSE,NA,NA,NA,2025-08-14T00:00:00Z,MLH,yes,32,11,21,yes,NA,NMSU162_250320_0120,2025-08-14T00:00:00Z,MLH,64.9082,65.2351,7,NMSU162_250320_0120.wav,0.32690000000000907,4.142836680599469,2.888921421068369,3.5397024057850093,2.199694062021972,5.292727019885969,3.0930329578639966,0.1634467120181406,0.10058259201116344,0.23888365602651318,0.13830106401534975,0.15087388801674517,3.2002861155561417,17.049426777714746,0.8831289115214288,0.8954309735530881,0.790780981016512,0.18893150672772424,2.4696927584134616,0.021533203125,3.768310546875,3.74677734375,4.954022988505747,0.021533203125,3.337646484375,10.144121386509354,2.183314499171169,2.1627844062153163,FALSE,1,4.481663752773147e-37,FALSE
NMSU162_250320_0120__19,NMSU162_250320_0120.wav,19,95.8822,96.5603,non-contact,medium,FALSE,NA,NA,NA,2025-08-14T00:00:00Z,MLH,yes,32,11,21,yes,NA,NMSU162_250320_0120,2025-08-14T00:00:00Z,MLH,95.8822,96.5603,19,NMSU162_250320_0120.wav,0.6781000000000006,4.143332253745539,2.6306163444805795,3.3918755865397507,2.2430620726638963,5.483040622067302,3.239978549403405,0.44802721088435377,0.29061224489795917,0.5691156462585034,0.27850340136054424,0.5448979591836735,6.759872281847239,81.60103970758074,0.8683910930088529,0.8528095607182629,0.740572226560532,0.13804054680887098,2.7755165501644736,2.088720703125,5.447900390625,3.3591796874999997,5.76923076923077,5.361767578125,2.260986328125,-4.572749225777905,2.2265501250920927,2.209129213483146,FALSE,1,0,FALSE
NMSU162_250320_0120__20,NMSU162_250320_0120.wav,20,96.8146,97.4079,non-contact,medium,FALSE,NA,NA,NA,2025-08-14T00:00:00Z,MLH,yes,32,11,21,yes,NA,NMSU162_250320_0120,2025-08-14T00:00:00Z,MLH,96.8146,97.4079,20,NMSU162_250320_0120.wav,0.5932999999999993,4.210756650604458,2.626463773688556,3.4705792215752376,2.2940545510266626,5.791602819491266,3.4975482684646035,0.37534545791105556,0.2421583599426165,0.49642463788236385,0.2542662779397473,0.49642463788236385,5.725794473470141,49.83923905266965,0.8673388184155887,0.8570427155634907,0.7433464162485255,0.12823437486030387,2.70629296875,2.131787109375,4.801904296875,2.6701171875,10.790322580645162,3.294580078125,2.304052734375,-1.6695219008090365,2.269785751013016,2.223203638587372,FALSE,1,3.610120096799201e-257,FALSE
NMSU162_250320_0120__21,NMSU162_250320_0120.wav,21,97.6236,98.113,non-contact,medium,FALSE,NA,NA,NA,2025-08-14T00:00:00Z,MLH,yes,32,11,21,yes,NA,NMSU162_250320_0120,2025-08-14T00:00:00Z,MLH,97.6236,98.113,21,NMSU162_250320_0120.wav,0.4894000000000034,4.304571264233694,2.7040373812206706,3.5965075236856774,2.309121307820918,5.930150473713542,3.621029165892625,0.3058673469387755,0.1957551020408163,0.4037448979591836,0.2079897959183673,0.4893877551020408,5.126180866960571,41.222368306441446,0.8720377578751819,0.8661687194357038,0.7553318280383287,0.14692691838047212,2.7462711985518293,2.174853515625,5.146435546875,2.9715820312499996,7.956521739130435,5.146435546875,3.294580078125,-3.783930258990574,2.183314499171169,2.343744787322769,FALSE,1,6.578804852359338e-182,FALSE
NMSU162_250320_0120__22,NMSU162_250320_0120.wav,22,631.2681,631.4338,contact-like,high,FALSE,NA,NA,NA,2025-08-14T00:00:00Z,MLH,yes,32,11,21,yes,NA,NMSU162_250320_0120,2025-08-14T00:00:00Z,MLH,631.2681,631.4338,22,NMSU162_250320_0120.wav,0.16570000000001528,4.844858043659341,2.511063542263825,4.116323731138546,2.933333333333333,6.271056241426612,3.337722908093278,0.08285714285714285,0.05523809523809523,0.12428571428571428,0.06904761904761905,0.041428571428571426,4.204955252340347,28.164604507145473,0.8575086372958762,0.9533019981343895,0.8174646973516563,0.11156886334264393,3.3144568810096153,2.562451171875,4.758837890625,2.1963867187500004,3.4901960784313726,3.036181640625,4.758837890625,10.396235666866875,2.8750845139059433,2.8482758620689657,FALSE,2,0.9816416155838757,TRUE
NMSU162_250320_0120__23,NMSU162_250320_0120.wav,23,674.5758,674.7569,contact-like,high,FALSE,NA,NA,NA,2025-08-14T00:00:00Z,MLH,yes,32,11,21,yes,NA,NMSU162_250320_0120,2025-08-14T00:00:00Z,MLH,674.5758,674.7569,23,NMSU162_250320_0120.wav,0.18110000000001492,5.273159791698415,2.77818173237456,4.407732864674868,3.2864674868189807,7.0755711775043935,3.7891036906854128,0.0975091575091575,0.05571951857666143,0.13929879644165358,0.08357927786499214,0.04178963893249607,3.2560939552567767,17.43923905534742,0.8728680583279721,0.9515099541884271,0.8305426461921901,0.16346723858535758,3.405322265625,2.347119140625,4.629638671875,2.28251953125,4.622641509433962,2.863916015625,4.371240234375,8.323159683875623,2.8318488879850197,2.821825694966191,FALSE,2,0.9349847725858451,TRUE
NMSU162_250320_0120__24,NMSU162_250320_0120.wav,24,676.5159,676.697,contact-like,high,FALSE,NA,NA,NA,2025-08-14T00:00:00Z,MLH,yes,32,11,21,yes,NA,NMSU162_250320_0120,2025-08-14T00:00:00Z,MLH,676.5159,676.697,24,NMSU162_250320_0120.wav,0.18110000000001492,5.162653299308783,2.655197829935446,4.407732864674868,3.258850112980166,6.799397439116245,3.540547326136079,0.09752136752136752,0.055726495726495726,0.13931623931623932,0.0835897435897436,0.04179487179487179,3.1137759172713873,14.59541534298875,0.8680284277856505,0.9508987425888201,0.8254071405127255,0.14555853090986473,3.756005859375,2.950048828125,4.629638671875,1.67958984375,3.2820512820512824,3.079248046875,4.371240234375,7.134136871893391,4.345095795217338,4.571779141104295,FALSE,2,0.9983042644239813,TRUE
NMSU162_250320_0120__25,NMSU162_250320_0120.wav,25,684.234,684.3997,contact-like,high,FALSE,NA,NA,NA,2025-08-14T00:00:00Z,MLH,yes,32,11,21,yes,NA,NMSU162_250320_0120,2025-08-14T00:00:00Z,MLH,684.234,684.3997,25,NMSU162_250320_0120.wav,0.16570000000001528,5.400293805677444,2.7620878238043036,4.448285322359396,3.343758573388203,7.24883401920439,3.9050754458161867,0.08285714285714285,0.041428571428571426,0.12428571428571428,0.08285714285714285,0.027619047619047616,2.7772867970215094,12.206194135360048,0.8727482261181976,0.9563342561403735,0.834639025622577,0.14746771243673562,3.4999737079326922,2.347119140625,4.543505859375,2.1963867187500004,4.0588235294117645,3.036181640625,4.543505859375,9.096706208508515,4.518038298901032,3.620689655172414,FALSE,2,0.9956080108343786,TRUE
NMSU162_250320_0120__26,NMSU162_250320_0120.wav,26,687.6346,687.8041,contact-like,high,FALSE,NA,NA,NA,2025-08-14T00:00:00Z,MLH,yes,32,11,21,yes,NA,NMSU162_250320_0120,2025-08-14T00:00:00Z,MLH,687.6346,687.8041,26,NMSU162_250320_0120.wav,0.1694999999999709,5.247357848671969,2.588292415720953,4.5203862660944205,3.3224248927038627,7.175965665236052,3.853540772532189,0.08475056689342404,0.04237528344671202,0.12712585034013607,0.08475056689342406,0.09887566137566138,2.6374023364426167,10.864280968667712,0.8691509514329718,0.9552621542151734,0.8302670102040282,0.1213091924837848,3.698741736778846,2.777783203125,4.715771484375,1.93798828125,4.666666666666667,2.777783203125,4.586572265625,10.671321902656699,4.345095795217338,3.362809364548495,FALSE,2,0.9976012773256476,TRUE
NMSU162_250320_0120__27,NMSU162_250320_0120.wav,27,688.7134,688.8867,contact-like,high,FALSE,NA,NA,NA,2025-08-14T00:00:00Z,MLH,yes,32,11,21,yes,NA,NMSU162_250320_0120,2025-08-14T00:00:00Z,MLH,688.7134,688.8867,27,NMSU162_250320_0120.wav,0.1733000000000402,5.198937402058099,2.5217401058932696,4.495802728226652,3.468520461699895,6.908184679958027,3.439664218258132,0.08664399092970522,0.05776266061980348,0.12996598639455784,0.07220332577475436,0.04332199546485261,3.1429769986017138,15.482951244001557,0.8648398372132319,0.9526179406118687,0.8238619446851727,0.11618015244759336,3.8478177584134614,2.993115234375,4.758837890625,1.7657226562500004,3.0487804878048776,2.993115234375,4.758837890625,10.188820866991291,4.345095795217338,3.8317717874901858,FALSE,2,0.9981192508151662,TRUE
NMSU162_250320_0120__28,NMSU162_250320_0120.wav,28,689.9077,690.0773,contact-like,high,FALSE,NA,NA,NA,2025-08-14T00:00:00Z,MLH,yes,32,11,21,yes,NA,NMSU162_250320_0120,2025-08-14T00:00:00Z,MLH,689.9077,690.0773,28,NMSU162_250320_0120.wav,0.16960000000005948,5.132493007892611,2.511666154005956,4.470777479892762,3.4150134048257375,6.753351206434317,3.3383378016085796,0.08479591836734694,0.04239795918367347,0.1271938775510204,0.08479591836734693,0.07066326530612245,2.8240053090411283,12.520696849633895,0.8646948043290422,0.9558218430610947,0.8264941815591378,0.1156658033702977,4.116154597355769,2.993115234375,7.213623046875,4.2205078125,2.438775510204082,3.122314453125,4.543505859375,8.379666310433382,4.301860169296415,3.773766546329723,FALSE,2,0.9993683467559095,TRUE
NMSU162_250320_0120__29,NMSU162_250320_0120.wav,29,691.2763,691.4497,contact-like,high,FALSE,NA,NA,NA,2025-08-14T00:00:00Z,MLH,yes,32,11,21,yes,NA,NMSU162_250320_0120,2025-08-14T00:00:00Z,MLH,691.2763,691.4497,29,NMSU162_250320_0120.wav,0.1734000000000151,5.117631433980879,2.4856707424860414,4.48767697954903,3.4609334032511803,6.5065547981122185,3.045621394861038,0.08670068027210884,0.057800453514739225,0.13005102040816324,0.07225056689342402,0.057800453514739225,3.1077064276279573,15.300928550538124,0.8623434410243728,0.9529050002606017,0.8217313768940581,0.11559981627966008,3.884258563701923,2.906982421875,4.801904296875,1.8949218749999996,3.7500000000000004,3.122314453125,4.715771484375,9.189486916089164,4.734216428505649,4.734680266771282,FALSE,2,0.9978911127633961,TRUE
NMSU162_250320_0120__30,NMSU162_250320_0120.wav,30,692.6017,692.7789,contact-like,high,FALSE,NA,NA,NA,2025-08-14T00:00:00Z,MLH,yes,32,11,21,yes,NA,NMSU162_250320_0120,2025-08-14T00:00:00Z,MLH,692.6017,692.7789,30,NMSU162_250320_0120.wav,0.17719999999997071,5.042381745020513,2.496209298031753,4.357106208311955,3.380708055413032,6.473576192919446,3.092868137506414,0.09540903540903542,0.054519448805163094,0.13629862201290774,0.08177917320774464,0.04088958660387232,3.295858396080429,16.668917567403888,0.8605692168683595,0.9515740223922581,0.8188953112423804,0.11718569906688185,3.817529296875,2.088720703125,4.844970703125,2.75625,3.5624999999999996,3.768310546875,4.543505859375,4.3746913797975635,4.042446413770874,3.803864857947274,FALSE,2,0.9970055767688084,TRUE
NMSU162_250320_0120__31,NMSU162_250320_0120.wav,31,697.3978,697.5634,contact-like,high,FALSE,NA,NA,NA,2025-08-14T00:00:00Z,MLH,yes,32,11,21,yes,NA,NMSU162_250320_0120,2025-08-14T00:00:00Z,MLH,697.3978,697.5634,31,NMSU162_250320_0120.wav,0.16560000000004038,5.125678941158368,2.5069195093415595,4.470071389346513,3.406919275123559,6.856123009335531,3.449203734211972,0.08280045351473923,0.05520030234315949,0.13800075585789873,0.08280045351473925,0.13800075585789873,2.9071194766165327,12.715082507210461,0.8617462710833828,0.9570192742404617,0.8247077909316431,0.11540753986978805,4.189036207932692,2.390185546875,7.213623046875,4.8234375,3.2946428571428568,3.983642578125,4.715771484375,4.421068274455442,4.6909808025847255,4.4444201013282205,FALSE,2,0.9942173661646044,TRUE
NMSU162_250320_0120__32,NMSU162_250320_0120.wav,32,699.6555,699.8289,contact-like,high,FALSE,NA,NA,NA,2025-08-14T00:00:00Z,MLH,yes,32,11,21,yes,NA,NMSU162_250320_0120,2025-08-14T00:00:00Z,MLH,699.6555,699.8289,32,NMSU162_250320_0120.wav,0.1734000000000151,5.127419346063081,2.540698435440061,4.4646040901940225,3.4147876245411646,6.564237021499738,3.1494493969585737,0.08668934240362812,0.05779289493575208,0.13003401360544217,0.0722411186696901,0.04334467120181406,3.0642001082396235,14.22338896768954,0.8612592465843658,0.952437562724071,0.820295657690383,0.1189086410179206,3.755059344951923,2.820849609375,4.758837890625,1.93798828125,4.711111111111111,4.069775390625,4.758837890625,3.973832179930452,3.999210787849951,4.579571017525503,FALSE,2,0.9989022978191723,TRUE
NMSU162_250320_0120__33,NMSU162_250320_0120.wav,33,709.792335215,709.958007643,NA,NA,NA,NA,NA,NA,2025-08-14T00:00:00Z,MLH,yes,32,11,21,yes,NA,NA,NA,NA,NA,NA,NA,NA,0.1656724279999935,4.949985387592609,2.5740829311234226,4.038968166849616,3.2903402854006587,6.610867178924259,3.3205268935236005,0.0828344671201814,0.05522297808012094,0.12425170068027211,0.06902872260015117,0.13805744520030233,3.6738363709738917,19.859301430052295,0.8551102811570156,0.9549474144183763,0.8165853520334628,0.11204516094094628,3.725244140625,2.777783203125,4.586572265625,1.8087890624999998,3.0714285714285716,3.165380859375,4.586572265625,8.578321833069626,4.042446413770874,2.7524774158226113,FALSE,2,0.9965077872843254,TRUE
